{
  "startTime": "2025-05-08T16:52:58.842Z",
  "endTime": "2025-05-08T16:53:07.280Z",
  "userAgents": [
    "Chrome 136.0.0.0 / Windows Server 2022"
  ],
  "passed": 0,
  "total": 1,
  "skipped": 0,
  "fixtures": [
    {
      "name": "DDT",
      "path": "C:\\Users\\zadmin\\Desktop\\Testcafeautomation\\tests\\Datadriven.ts",
      "meta": {},
      "tests": [
        {
          "name": "Read Data from Excel",
          "meta": {},
          "errs": [
            "Error: Work Sheet Employee Data not foumd in the excel file\n\nBrowser: Chrome 136.0.0.0 / Windows Server 2022\nScreenshot: C:\\Users\\zadmin\\Desktop\\Testcafeautomation\\screenshots\\2025-05-08_22-22-57\\test-1\\Chrome_136.0.0.0_Windows_Server_2022\\errors\\1.png\n\n   10 |    const workBook = new ExcelJS.Workbook();\n   11 |    await workBook.xlsx.readFile(filePath);\n   12 |    const workSheet = workBook.getWorksheet('EmployeeData');\n   13 |\n   14 |    if(!workSheet){\n > 15 |        throw new Error(\"Work Sheet Employee Data not foumd in the excel file\");\n   16 |    }\n   17 |\n   18 |    for(let i=2;i<=workSheet.rowCount;i++)\n   19 |    {\n   20 |        const row = workSheet.getRow(i);\n\n   at <anonymous> (C:\\Users\\zadmin\\Desktop\\Testcafeautomation\\tests\\datadriven.ts:15:15)\n   at fulfilled (C:\\Users\\zadmin\\Desktop\\Testcafeautomation\\tests\\Datadriven.ts:5:58)"
          ],
          "durationMs": 7348,
          "unstable": false,
          "screenshotPath": "C:\\Users\\zadmin\\Desktop\\Testcafeautomation\\screenshots\\2025-05-08_22-22-57\\test-1\\Chrome_136.0.0.0_Windows_Server_2022\\errors\\1.png",
          "skipped": false
        }
      ]
    }
  ],
  "warnings": [
    "The \"src\" and \"browsers\" options from the configuration file will be ignored."
  ]
}